NumThreads, Function, Fitness, Np, Nd, lastStep, bestStep, Evals, Position Time, Fitness Time, Velocity Time, Total Time,,,Average Time,,,,,,,,,
1,F2,-139.718,50,100,3000,2999,150000,0.366295,0.637252,2.95444,3.96115,,,50,100,150,200,250,300,350,400,450,500
1,F2,-154.521,50,100,3000,1437,150000,0.358021,0.584947,2.88376,3.82836,,1,3.863766,7.797228,11.62358,15.49586,19.45814,23.22878,27.21872,30.88614,34.99316,38.53236
1,F2,-209.576,50,100,3000,1665,150000,0.357976,0.602659,2.87059,3.83285,,2,1.999874,3.9399,5.900616,7.914054,9.84223,11.7556,13.73778,15.85228,17.64808,19.8245
1,F2,-157.957,50,100,3000,2999,150000,0.3582,0.616192,2.88232,3.85849,,3,1.392968,2.706188,4.028818,5.38648,6.902658,8.507444,9.864736,11.10322,12.6569,14.11572
1,F2,-163.605,50,100,3000,1802,150000,0.35784,0.602117,2.8764,3.83798,,4,1.119442,2.132046,3.253968,4.274124,5.354586,6.514172,7.589234,8.716926,9.7905,10.77334
,,,,,,,,,,,,,5,0.9292012,1.803396,2.677116,3.512012,4.462396,5.398786,6.260754,7.200294,8.0774,8.971998
1,F2,-139.041,100,100,3000,2999,300000,0.726189,1.32694,5.87609,7.93195,,6,0.8176212,1.574476,2.303796,3.097704,3.76246,4.496118,5.285358,5.965112,6.747198,7.453476
1,F2,-118.781,100,100,3000,2987,300000,0.719127,1.29101,5.81544,7.82831,,7,0.7088714,1.338424,1.983976,2.717982,3.308608,3.989022,4.66064,5.20086,5.729806,6.377896
1,F2,-134.013,100,100,3000,1356,300000,0.718489,1.24961,5.80789,7.77875,,8,0.6403602,1.200318,1.736256,2.340348,2.911186,3.501494,4.037922,4.616538,5.298892,5.728804
1,F2,-119.484,100,100,3000,1471,300000,0.715966,1.17461,5.76883,7.66216,,9,0.5946734,1.064328,1.59244,2.122858,2.62828,3.173436,3.729808,4.121216,4.640558,5.218566
1,F2,-129.924,100,100,3000,2999,300000,0.714787,1.30147,5.76592,7.78497,,10,0.5234252,1.0191348,1.439252,1.875006,2.376666,2.738054,3.17463,3.793918,4.180996,4.637926
,,,,,,,,,,,,,11,0.4923612,0.9180306,1.377216,1.814152,2.20005,2.651396,3.041042,3.450624,3.824294,4.268222
1,F2,-125.973,150,100,3000,1401,450000,1.07808,1.79931,8.70963,11.5909,,12,2.5076366,0.8517356,1.238722,1.609564,1.987932,2.376782,2.739336,3.127656,3.461678,4.069544
1,F2,-112.918,150,100,3000,1832,450000,1.07848,1.76205,8.68824,11.5327,,,,,,,,,,,,
1,F2,-120.102,150,100,3000,2999,450000,1.072,2.03328,8.63191,11.7411,,,,,,,,,,,,
1,F2,-107.749,150,100,3000,1225,450000,1.07102,1.82232,8.62432,11.5215,,,,,,,,,,,,
1,F2,-109.291,150,100,3000,2999,450000,1.07558,1.94583,8.70632,11.7317,,,,,,,,,,,,
,,,,,,,,,,,,,,,,,,,,,,,
1,F2,-107.327,200,100,3000,2937,600000,1.43565,2.69041,11.5722,15.7032,,,,,,,,,,,,
1,F2,-122.986,200,100,3000,1456,600000,1.43171,2.36838,11.538,15.3431,,,,,,,,,,,,
1,F2,-113.257,200,100,3000,1623,600000,1.44919,2.3744,11.6929,15.5215,,,,,,,,,,,,
1,F2,-98.3567,200,100,3000,1311,600000,1.43011,2.42132,11.5297,15.3861,,,,,,,,,,,,
1,F2,-124.45,200,100,3000,1931,600000,1.44273,2.45372,11.624,15.5254,,,,,,,,,,,,
,,,,,,,,,,,,,,,,,,,,,,,
1,F2,-96.9416,250,100,3000,2999,750000,1.78517,3.34549,14.4194,19.5562,,,,,,,,,,,,
1,F2,-82.9021,250,100,3000,1446,750000,1.78519,3.11121,14.4378,19.3403,,,,,,,,,,,,
1,F2,-105.065,250,100,3000,2999,750000,1.78705,3.35412,14.4696,19.6169,,,,,,,,,,,,
1,F2,-119.813,250,100,3000,2999,750000,1.78558,3.2353,14.4594,19.4865,,,,,,,,,,,,
1,F2,-86.9729,250,100,3000,1529,750000,1.78922,3.06293,14.4325,19.2908,,,,,,,,,,,,
,,,,,,,,,,,,,,,,,,,,,,,
1,F2,-98.6942,300,100,3000,2999,900000,2.15214,3.81984,17.3629,23.342,,,,,,,,,,,,
1,F2,-93.3568,300,100,3000,2999,900000,2.1438,3.80402,17.408,23.3629,,,,,,,,,,,,
1,F2,-96.1245,300,100,3000,2060,900000,2.14461,3.66099,17.3709,23.1836,,,,,,,,,,,,
1,F2,-121.759,300,100,3000,1737,900000,2.14376,3.6457,17.3043,23.1008,,,,,,,,,,,,
1,F2,-101.516,300,100,3000,1326,900000,2.14664,3.65146,17.3494,23.1546,,,,,,,,,,,,
,,,,,,,,,,,,,,,,,,,,,,,
1,F2,-101.987,350,100,3000,2999,1050000,2.50881,4.50019,20.2842,27.3015,,,,,,,,,,,,
1,F2,-97.6418,350,100,3000,2999,1050000,2.50565,4.65807,20.3453,27.5173,,,,,,,,,,,,
1,F2,-98.5548,350,100,3000,1398,1050000,2.50453,4.16858,20.2086,26.89,,,,,,,,,,,,
1,F2,-95.5242,350,100,3000,1849,1050000,2.50265,4.43095,20.1365,27.0783,,,,,,,,,,,,
1,F2,-104.878,350,100,3000,2999,1050000,2.50806,4.54086,20.2494,27.3065,,,,,,,,,,,,
,,,,,,,,,,,,,,,,,,,,,,,
1,F2,-100.273,400,100,3000,1522,1200000,2.8608,4.84052,23.1716,30.8823,,,,,,,,,,,,
1,F2,-88.5717,400,100,3000,1395,1200000,2.85979,4.99807,23.0428,30.9099,,,,,,,,,,,,
1,F2,-77.7447,400,100,3000,1929,1200000,2.85747,4.74357,23.1127,30.7231,,,,,,,,,,,,
1,F2,-59.6398,400,100,3000,1464,1200000,2.86767,4.65055,23.2765,30.804,,,,,,,,,,,,
1,F2,-80.73,400,100,3000,2999,1200000,2.85965,5.11736,23.125,31.1114,,,,,,,,,,,,
,,,,,,,,,,,,,,,,,,,,,,,
1,F2,-105.482,450,100,3000,2408,1350000,3.21837,5.596,25.9811,34.8058,,,,,,,,,,,,
1,F2,-77.649,450,100,3000,2999,1350000,3.22823,5.7472,26.1307,35.1167,,,,,,,,,,,,
1,F2,-65.674,450,100,3000,2999,1350000,3.22476,5.71745,26.0772,35.0297,,,,,,,,,,,,
1,F2,-96.8173,450,100,3000,2999,1350000,3.21551,5.59339,26.101,34.9202,,,,,,,,,,,,
1,F2,-80.6102,450,100,3000,2542,1350000,3.21907,5.69406,26.17,35.0934,,,,,,,,,,,,
,,,,,,,,,,,,,,,,,,,,,,,
1,F2,-61.7119,500,100,3000,1892,1500000,3.57388,5.75107,28.8702,38.2065,,,,,,,,,,,,
1,F2,-85.5817,500,100,3000,2999,1500000,3.56626,6.34946,28.819,38.7461,,,,,,,,,,,,
1,F2,-73.6325,500,100,3000,1290,1500000,3.57282,6.09116,28.8524,38.5277,,,,,,,,,,,,
1,F2,-88.8456,500,100,3000,1559,1500000,3.58309,6.03644,28.8977,38.5286,,,,,,,,,,,,
1,F2,-85.6268,500,100,3000,1546,1500000,3.57084,6.16734,28.9033,38.6529,,,,,,,,,,,,
,,,,,,,,,,,,,,,,,,,,,,,
2,F2,-151.79,50,100,3000,2999,150000,0.196785,0.382423,1.55466,2.1362,,,,,,,,,,,,
2,F2,-171.188,50,100,3000,1293,150000,0.186415,0.313417,1.47838,1.97923,,,,,,,,,,,,
2,F2,-140.721,50,100,3000,1304,150000,0.183699,0.314222,1.45226,1.95118,,,,,,,,,,,,
2,F2,-158.867,50,100,3000,1934,150000,0.183669,0.325171,1.45642,1.96627,,,,,,,,,,,,
2,F2,-170.63,50,100,3000,1271,150000,0.183964,0.320037,1.46153,1.96649,,,,,,,,,,,,
,,,,,,,,,,,,,,,,,,,,,,,
2,F2,-147.072,100,100,3000,1224,300000,0.363193,0.656686,2.90601,3.92745,,,,,,,,,,,,
2,F2,-146.858,100,100,3000,1635,300000,0.363671,0.642294,2.90771,3.91529,,,,,,,,,,,,
2,F2,-120.794,100,100,3000,1310,300000,0.369067,0.684803,2.94578,4.00129,,,,,,,,,,,,
2,F2,-136.274,100,100,3000,1394,300000,0.366573,0.619316,2.93814,3.92561,,,,,,,,,,,,
2,F2,-145.801,100,100,3000,1507,300000,0.366931,0.629296,2.93202,3.92986,,,,,,,,,,,,
,,,,,,,,,,,,,,,,,,,,,,,
2,F2,-99.7824,150,100,3000,2107,450000,0.542496,0.940109,4.39843,5.88321,,,,,,,,,,,,
2,F2,-88.213,150,100,3000,2402,450000,0.542468,0.926999,4.35678,5.82844,,,,,,,,,,,,
2,F2,-143.433,150,100,3000,2999,450000,0.543283,0.961628,4.38532,5.89244,,,,,,,,,,,,
2,F2,-105.936,150,100,3000,2999,450000,0.549462,1.06816,4.41045,6.03032,,,,,,,,,,,,
2,F2,-97.2333,150,100,3000,1636,450000,0.544646,0.952366,4.36926,5.86867,,,,,,,,,,,,
,,,,,,,,,,,,,,,,,,,,,,,
2,F2,-96.762,200,100,3000,2982,600000,0.722952,1.29398,5.84643,7.86615,,,,,,,,,,,,
2,F2,-124.368,200,100,3000,1495,600000,0.724001,1.26128,5.8174,7.80546,,,,,,,,,,,,
2,F2,-93.1139,200,100,3000,2160,600000,0.724256,1.29654,5.82049,7.8441,,,,,,,,,,,,
2,F2,-90.7882,200,100,3000,2999,600000,0.729091,1.48397,5.8734,8.08922,,,,,,,,,,,,
2,F2,-119.676,200,100,3000,2999,600000,0.723016,1.38875,5.8508,7.96534,,,,,,,,,,,,
,,,,,,,,,,,,,,,,,,,,,,,
2,F2,-91.5792,250,100,3000,2996,750000,0.901943,1.65645,7.26367,9.82553,,,,,,,,,,,,
2,F2,-107.666,250,100,3000,2133,750000,0.907297,1.68441,7.34507,9.94013,,,,,,,,,,,,
2,F2,-139.6,250,100,3000,2999,750000,0.902252,1.75332,7.27956,9.9385,,,,,,,,,,,,
2,F2,-80.3194,250,100,3000,1661,750000,0.905619,1.57227,7.30085,9.78204,,,,,,,,,,,,
2,F2,-86.7269,250,100,3000,1439,750000,0.904632,1.56754,7.24944,9.72495,,,,,,,,,,,,
,,,,,,,,,,,,,,,,,,,,,,,
2,F2,-83.6447,300,100,3000,1317,900000,1.07984,1.80341,8.7098,11.5969,,,,,,,,,,,,
2,F2,-96.808,300,100,3000,2999,900000,1.08202,2.00923,8.74935,11.8445,,,,,,,,,,,,
2,F2,-118.494,300,100,3000,2969,900000,1.08993,1.96366,8.80339,11.8608,,,,,,,,,,,,
2,F2,-90.581,300,100,3000,1307,900000,1.08464,1.92416,8.71933,11.7321,,,,,,,,,,,,
2,F2,-101.673,300,100,3000,1928,900000,1.08374,1.91972,8.73637,11.7437,,,,,,,,,,,,
,,,,,,,,,,,,,,,,,,,,,,,
2,F2,-115.504,350,100,3000,1327,1050000,1.26095,2.18344,10.1631,13.6119,,,,,,,,,,,,
2,F2,-104.804,350,100,3000,1335,1050000,1.2614,2.22663,10.1667,13.6591,,,,,,,,,,,,
2,F2,-102.494,350,100,3000,2999,1050000,1.2634,2.42792,10.1822,13.8779,,,,,,,,,,,,
2,F2,-103.507,350,100,3000,2999,1050000,1.26567,2.47438,10.1912,13.9356,,,,,,,,,,,,
2,F2,-81.8133,350,100,3000,1434,1050000,1.26623,2.14473,10.189,13.6044,,,,,,,,,,,,
,,,,,,,,,,,,,,,,,,,,,,,
2,F2,-76.6337,400,100,3000,2999,1200000,1.46259,2.80421,11.7885,16.0605,,,,,,,,,,,,
2,F2,-99.5231,400,100,3000,1750,1200000,1.4586,2.43958,11.7711,15.6744,,,,,,,,,,,,
2,F2,-75.784,400,100,3000,2052,1200000,1.46517,2.44672,11.811,15.7278,,,,,,,,,,,,
2,F2,-68.714,400,100,3000,2883,1200000,1.45704,2.73968,11.76,15.9617,,,,,,,,,,,,
2,F2,-87.561,400,100,3000,2986,1200000,1.44446,2.7306,11.6569,15.837,,,,,,,,,,,,
,,,,,,,,,,,,,,,,,,,,,,,
2,F2,-114.441,450,100,3000,1520,1350000,1.62081,2.88145,13.1188,17.6267,,,,,,,,,,,,
2,F2,-91.0052,450,100,3000,1351,1350000,1.62243,2.95629,13.121,17.7053,,,,,,,,,,,,
2,F2,-84.5919,450,100,3000,2999,1350000,1.62001,3.10067,13.1004,17.8268,,,,,,,,,,,,
2,F2,-97.5149,450,100,3000,1908,1350000,1.62369,2.86706,13.0558,17.5522,,,,,,,,,,,,
2,F2,-95.5431,450,100,3000,1301,1350000,1.61966,2.82677,13.0775,17.5294,,,,,,,,,,,,
,,,,,,,,,,,,,,,,,,,,,,,
2,F2,-92.5321,500,100,3000,2999,1500000,1.81095,3.4049,14.6169,19.839,,,,,,,,,,,,
2,F2,-66.6746,500,100,3000,1435,1500000,1.8025,3.07954,14.566,19.4542,,,,,,,,,,,,
2,F2,-78.347,500,100,3000,2999,1500000,1.81093,3.48158,14.6243,19.923,,,,,,,,,,,,
2,F2,-79.5996,500,100,3000,2999,1500000,1.80461,3.46783,14.6156,19.8943,,,,,,,,,,,,
2,F2,-98.5535,500,100,3000,2999,1500000,1.81025,3.57896,14.6166,20.012,,,,,,,,,,,,
,,,,,,,,,,,,,,,,,,,,,,,
3,F2,-134.639,50,100,3000,1327,150000,0.13637,0.242656,1.04608,1.42704,,,,,,,,,,,,
3,F2,-158.67,50,100,3000,1327,150000,0.128389,0.23378,0.985253,1.34852,,,,,,,,,,,,
3,F2,-156.447,50,100,3000,1274,150000,0.128244,0.22414,0.983452,1.33685,,,,,,,,,,,,
3,F2,-143.213,50,100,3000,2999,150000,0.133555,0.272497,1.02859,1.43573,,,,,,,,,,,,
3,F2,-217.892,50,100,3000,2999,150000,0.129676,0.27961,1.00637,1.4167,,,,,,,,,,,,
,,,,,,,,,,,,,,,,,,,,,,,
3,F2,-118.697,100,100,3000,2154,300000,0.250255,0.489131,1.97519,2.71611,,,,,,,,,,,,
3,F2,-125.036,100,100,3000,1337,300000,0.249957,0.447975,1.96618,2.6656,,,,,,,,,,,,
3,F2,-112.252,100,100,3000,1242,300000,0.252916,0.451158,1.98923,2.6948,,,,,,,,,,,,
3,F2,-138.969,100,100,3000,1852,300000,0.251017,0.462593,1.97158,2.68666,,,,,,,,,,,,
3,F2,-93.596,100,100,3000,2999,300000,0.250919,0.535729,1.9796,2.76777,,,,,,,,,,,,
,,,,,,,,,,,,,,,,,,,,,,,
3,F2,-114.131,150,100,3000,1246,450000,0.377952,0.683142,2.9902,4.05312,,,,,,,,,,,,
3,F2,-117.297,150,100,3000,1214,450000,0.375636,0.680459,2.96557,4.02363,,,,,,,,,,,,
3,F2,-117.314,150,100,3000,1205,450000,0.369611,0.666803,2.92399,3.96228,,,,,,,,,,,,
3,F2,-93.1043,150,100,3000,2999,450000,0.372355,0.780813,2.95351,4.10844,,,,,,,,,,,,
3,F2,-127.665,150,100,3000,2996,450000,0.370941,0.681688,2.94216,3.99662,,,,,,,,,,,,
,,,,,,,,,,,,,,,,,,,,,,,
3,F2,-75.9314,200,100,3000,2999,600000,0.496326,1.06954,3.93796,5.50602,,,,,,,,,,,,
3,F2,-90.23,200,100,3000,1778,600000,0.494402,0.88076,3.93095,5.30841,,,,,,,,,,,,
3,F2,-93.0074,200,100,3000,1266,600000,0.493683,0.885998,3.9247,5.30665,,,,,,,,,,,,
3,F2,-98.44,200,100,3000,2999,600000,0.493935,0.910539,3.90604,5.31293,,,,,,,,,,,,
3,F2,-101.286,200,100,3000,2999,600000,0.496004,1.05708,3.94309,5.49839,,,,,,,,,,,,
,,,,,,,,,,,,,,,,,,,,,,,
3,F2,-118.872,250,100,3000,1237,750000,0.616399,1.09506,4.91815,6.63253,,,,,,,,,,,,
3,F2,-90.0526,250,100,3000,2999,750000,0.628935,1.34018,5.00643,6.97833,,,,,,,,,,,,
3,F2,-89.8994,250,100,3000,1294,750000,0.639406,1.13736,5.15222,6.93155,,,,,,,,,,,,
3,F2,-91.264,250,100,3000,1265,750000,0.639441,1.12908,5.13936,6.91041,,,,,,,,,,,,
3,F2,-87.1411,250,100,3000,2999,750000,0.639552,1.25564,5.16276,7.06047,,,,,,,,,,,,
,,,,,,,,,,,,,,,,,,,,,,,
3,F2,-101.574,300,100,3000,2999,900000,0.767995,1.51439,6.1761,8.46139,,,,,,,,,,,,
3,F2,-100.541,300,100,3000,2999,900000,0.771881,1.48441,6.25272,8.51198,,,,,,,,,,,,
3,F2,-80.6464,300,100,3000,2129,900000,0.772729,1.48089,6.25394,8.51048,,,,,,,,,,,,
3,F2,-111.512,300,100,3000,2999,900000,0.770972,1.55373,6.20844,8.53616,,,,,,,,,,,,
3,F2,-92.5914,300,100,3000,2999,900000,0.771656,1.52443,6.21811,8.51721,,,,,,,,,,,,
,,,,,,,,,,,,,,,,,,,,,,,
3,F2,-105.511,350,100,3000,2999,1050000,0.89803,1.82126,7.26513,9.98777,,,,,,,,,,,,
3,F2,-80.8109,350,100,3000,2999,1050000,0.899217,1.755,7.23365,9.89115,,,,,,,,,,,,
3,F2,-78.9276,350,100,3000,1815,1050000,0.89712,1.52862,7.28364,9.71261,,,,,,,,,,,,
3,F2,-72.7457,350,100,3000,2999,1050000,0.895635,1.76268,7.20862,9.87024,,,,,,,,,,,,
3,F2,-91.4358,350,100,3000,2999,1050000,0.896066,1.76536,7.19722,9.86191,,,,,,,,,,,,
,,,,,,,,,,,,,,,,,,,,,,,
3,F2,-70.6862,400,100,3000,1572,1200000,1.02536,1.71094,8.23556,10.9756,,,,,,,,,,,,
3,F2,-91.6014,400,100,3000,2999,1200000,1.02358,2.05491,8.23821,11.3204,,,,,,,,,,,,
3,F2,-97.5632,400,100,3000,1407,1200000,1.02519,1.73042,8.229,10.9883,,,,,,,,,,,,
3,F2,-76.6181,400,100,3000,1588,1200000,1.02771,1.77053,8.29198,11.094,,,,,,,,,,,,
3,F2,-100.006,400,100,3000,1524,1200000,1.02756,1.77669,8.32986,11.1378,,,,,,,,,,,,
,,,,,,,,,,,,,,,,,,,,,,,
3,F2,-81.5914,450,100,3000,2999,1350000,1.15342,2.27955,9.30395,12.7409,,,,,,,,,,,,
3,F2,-77.75,450,100,3000,2999,1350000,1.151,2.28555,9.28771,12.7283,,,,,,,,,,,,
3,F2,-103.586,450,100,3000,2999,1350000,1.14969,2.34465,9.28025,12.7786,,,,,,,,,,,,
3,F2,-96.5518,450,100,3000,2999,1350000,1.14885,2.05265,9.26361,12.4692,,,,,,,,,,,,
3,F2,-91.5599,450,100,3000,2291,1350000,1.15559,2.078,9.32981,12.5675,,,,,,,,,,,,
,,,,,,,,,,,,,,,,,,,,,,,
3,F2,-93.595,500,100,3000,2999,1500000,1.27963,2.57928,10.3376,14.2013,,,,,,,,,,,,
3,F2,-75.7065,500,100,3000,2999,1500000,1.28388,2.50691,10.3865,14.1819,,,,,,,,,,,,
3,F2,-93.7194,500,100,3000,1577,1500000,1.30664,2.26891,10.5164,14.0966,,,,,,,,,,,,
3,F2,-87.5583,500,100,3000,2280,1500000,1.28132,2.35867,10.3663,14.011,,,,,,,,,,,,
3,F2,-87.6245,500,100,3000,2999,1500000,1.29774,2.31629,10.4692,14.0878,,,,,,,,,,,,
,,,,,,,,,,,,,,,,,,,,,,,
4,F2,-134.025,50,100,3000,1579,150000,0.115089,0.21116,0.867835,1.19566,,,,,,,,,,,,
4,F2,-183.784,50,100,3000,2960,150000,0.104669,0.207931,0.787191,1.10078,,,,,,,,,,,,
4,F2,-166.693,50,100,3000,2999,150000,0.103411,0.235142,0.786097,1.12559,,,,,,,,,,,,
4,F2,-153.683,50,100,3000,2914,150000,0.10362,0.212883,0.7833,1.10079,,,,,,,,,,,,
4,F2,-162.68,50,100,3000,1229,150000,0.103599,0.189251,0.78059,1.07439,,,,,,,,,,,,
,,,,,,,,,,,,,,,,,,,,,,,
4,F2,-143.006,100,100,3000,1207,300000,0.200715,0.353096,1.55066,2.1057,,,,,,,,,,,,
4,F2,-124.746,100,100,3000,1218,300000,0.200696,0.365294,1.55111,2.11833,,,,,,,,,,,,
4,F2,-143.368,100,100,3000,2999,300000,0.200645,0.458602,1.55329,2.2138,,,,,,,,,,,,
4,F2,-130.494,100,100,3000,1444,300000,0.20095,0.3505,1.55474,2.10738,,,,,,,,,,,,
4,F2,-141.644,100,100,3000,1254,300000,0.200867,0.353846,1.55911,2.11502,,,,,,,,,,,,
,,,,,,,,,,,,,,,,,,,,,,,
4,F2,-108.893,150,100,3000,2999,450000,0.295229,0.669867,2.3309,3.29763,,,,,,,,,,,,
4,F2,-127.639,150,100,3000,2066,450000,0.294717,0.547359,2.34334,3.1871,,,,,,,,,,,,
4,F2,-105.286,150,100,3000,2999,450000,0.297573,0.652909,2.35091,3.30298,,,,,,,,,,,,
4,F2,-131.041,150,100,3000,2999,450000,0.294498,0.681363,2.34799,3.32546,,,,,,,,,,,,
4,F2,-102.442,150,100,3000,1392,450000,0.294549,0.533564,2.32693,3.15667,,,,,,,,,,,,
,,,,,,,,,,,,,,,,,,,,,,,
4,F2,-90.2219,200,100,3000,1438,600000,0.390426,0.688517,3.09306,4.17389,,,,,,,,,,,,
4,F2,-114.384,200,100,3000,1230,600000,0.393308,0.711406,3.11395,4.2205,,,,,,,,,,,,
4,F2,-109.267,200,100,3000,1259,600000,0.392062,0.730037,3.111,4.23502,,,,,,,,,,,,
4,F2,-120.559,200,100,3000,2964,600000,0.390997,0.800459,3.11055,4.30388,,,,,,,,,,,,
4,F2,-104.354,200,100,3000,2999,600000,0.393975,0.915444,3.12603,4.43733,,,,,,,,,,,,
,,,,,,,,,,,,,,,,,,,,,,,
4,F2,-100.385,250,100,3000,2041,750000,0.49022,0.875176,3.89577,5.26347,,,,,,,,,,,,
4,F2,-93.4523,250,100,3000,1381,750000,0.499434,0.857177,4.01001,5.36877,,,,,,,,,,,,
4,F2,-99.2135,250,100,3000,1345,750000,0.496027,0.858814,3.98942,5.34641,,,,,,,,,,,,
4,F2,-70.6024,250,100,3000,2981,750000,0.496236,0.899334,4.01823,5.41595,,,,,,,,,,,,
4,F2,-105.204,250,100,3000,1262,750000,0.495684,0.903456,3.97702,5.37833,,,,,,,,,,,,
,,,,,,,,,,,,,,,,,,,,,,,
4,F2,-103.6,300,100,3000,1676,900000,0.596909,1.07668,4.80687,6.48281,,,,,,,,,,,,
4,F2,-114.5,300,100,3000,2301,900000,0.598859,1.13894,4.84777,6.58801,,,,,,,,,,,,
4,F2,-108.821,300,100,3000,1670,900000,0.595799,1.03888,4.78852,6.42552,,,,,,,,,,,,
4,F2,-114.798,300,100,3000,2999,900000,0.596014,1.18378,4.80372,6.58591,,,,,,,,,,,,
4,F2,-91.5736,300,100,3000,2974,900000,0.595207,1.10625,4.78485,6.48861,,,,,,,,,,,,
,,,,,,,,,,,,,,,,,,,,,,,
4,F2,-80.5986,350,100,3000,2927,1050000,0.693663,1.23944,5.59206,7.52786,,,,,,,,,,,,
4,F2,-123.682,350,100,3000,1490,1050000,0.695198,1.24261,5.62431,7.56484,,,,,,,,,,,,
4,F2,-105.585,350,100,3000,1724,1050000,0.692733,1.25568,5.58626,7.53735,,,,,,,,,,,,
4,F2,-84.5906,350,100,3000,2999,1050000,0.693266,1.42551,5.58627,7.70785,,,,,,,,,,,,
4,F2,-105.583,350,100,3000,2687,1050000,0.693178,1.31326,5.59912,7.60827,,,,,,,,,,,,
,,,,,,,,,,,,,,,,,,,,,,,
4,F2,-81.7112,400,100,3000,2999,1200000,0.793844,1.52673,6.41619,8.73984,,,,,,,,,,,,
4,F2,-70.7809,400,100,3000,2999,1200000,0.793498,1.60013,6.4159,8.8125,,,,,,,,,,,,
4,F2,-86.5728,400,100,3000,1712,1200000,0.793863,1.34453,6.40896,8.55036,,,,,,,,,,,,
4,F2,-80.9348,400,100,3000,2999,1200000,0.793247,1.53582,6.39812,8.73018,,,,,,,,,,,,
4,F2,-81.5886,400,100,3000,2999,1200000,0.792957,1.56481,6.39099,8.75175,,,,,,,,,,,,
,,,,,,,,,,,,,,,,,,,,,,,
4,F2,-99.5203,450,100,3000,2115,1350000,0.892274,1.55724,7.20332,9.65613,,,,,,,,,,,,
4,F2,-114.434,450,100,3000,2999,1350000,0.893221,1.71569,7.19897,9.81119,,,,,,,,,,,,
4,F2,-78.7549,450,100,3000,2999,1350000,0.892342,1.85303,7.22893,9.97771,,,,,,,,,,,,
4,F2,-104.514,450,100,3000,1728,1350000,0.891708,1.5811,7.19335,9.66952,,,,,,,,,,,,
4,F2,-112.049,450,100,3000,2999,1350000,0.894186,1.72798,7.21238,9.83795,,,,,,,,,,,,
,,,,,,,,,,,,,,,,,,,,,,,
4,F2,-83.5939,500,100,3000,2210,1500000,0.993503,1.74043,8.0684,10.806,,,,,,,,,,,,
4,F2,-78.7102,500,100,3000,1400,1500000,0.99042,1.70673,8.03542,10.7363,,,,,,,,,,,,
4,F2,-94.5344,500,100,3000,1326,1500000,0.990587,1.81288,8.00544,10.8126,,,,,,,,,,,,
4,F2,-68.7918,500,100,3000,1531,1500000,0.994381,1.69564,8.04426,10.7379,,,,,,,,,,,,
4,F2,-90.5712,500,100,3000,2212,1500000,0.996535,1.74302,8.0307,10.7739,,,,,,,,,,,,
,,,,,,,,,,,,,,,,,,,,,,,
5,F2,-183.915,50,100,3000,1404,150000,0.0944703,0.170414,0.70823,0.97453,,,,,,,,,,,,
5,F2,-181.032,50,100,3000,1310,150000,0.0886777,0.156209,0.656368,0.902087,,,,,,,,,,,,
5,F2,-164.439,50,100,3000,2999,150000,0.0880325,0.176035,0.65903,0.923999,,,,,,,,,,,,
5,F2,-172.762,50,100,3000,2932,150000,0.0945199,0.171058,0.68702,0.953461,,,,,,,,,,,,
5,F2,-183.335,50,100,3000,1429,150000,0.0879616,0.152115,0.651014,0.891929,,,,,,,,,,,,
,,,,,,,,,,,,,,,,,,,,,,,
5,F2,-89.9303,100,100,3000,2147,300000,0.167718,0.332759,1.30836,1.80999,,,,,,,,,,,,
5,F2,-134.445,100,100,3000,1267,300000,0.165909,0.304446,1.28966,1.76122,,,,,,,,,,,,
5,F2,-121.534,100,100,3000,1269,300000,0.166038,0.290559,1.29406,1.75175,,,,,,,,,,,,
5,F2,-133.255,100,100,3000,2999,300000,0.165757,0.389733,1.29805,1.85468,,,,,,,,,,,,
5,F2,-134.983,100,100,3000,2999,300000,0.16585,0.378616,1.29371,1.83934,,,,,,,,,,,,
,,,,,,,,,,,,,,,,,,,,,,,
5,F2,-130.132,150,100,3000,2999,450000,0.244409,0.571334,1.93385,2.7511,,,,,,,,,,,,
5,F2,-132.597,150,100,3000,2999,450000,0.24501,0.593687,1.93274,2.77286,,,,,,,,,,,,
5,F2,-108.138,150,100,3000,1524,450000,0.245228,0.435508,1.93902,2.62117,,,,,,,,,,,,
5,F2,-92.9923,150,100,3000,1278,450000,0.245341,0.438887,1.93386,2.61953,,,,,,,,,,,,
5,F2,-128.347,150,100,3000,2465,450000,0.24493,0.442747,1.93175,2.62092,,,,,,,,,,,,
,,,,,,,,,,,,,,,,,,,,,,,
5,F2,-120.843,200,100,3000,1670,600000,0.32693,0.565428,2.59343,3.48744,,,,,,,,,,,,
5,F2,-105.759,200,100,3000,1771,600000,0.323899,0.583747,2.57115,3.48046,,,,,,,,,,,,
5,F2,-112.76,200,100,3000,1287,600000,0.32424,0.589245,2.5571,3.47223,,,,,,,,,,,,
5,F2,-91.5116,200,100,3000,1724,600000,0.323457,0.593928,2.57916,3.49824,,,,,,,,,,,,
5,F2,-73.8763,200,100,3000,2999,600000,0.323411,0.722494,2.57406,3.62169,,,,,,,,,,,,
,,,,,,,,,,,,,,,,,,,,,,,
5,F2,-99.9464,250,100,3000,2999,750000,0.402139,0.935392,3.21654,4.5561,,,,,,,,,,,,
5,F2,-102.748,250,100,3000,2999,750000,0.402832,0.934488,3.21872,4.55799,,,,,,,,,,,,
5,F2,-87.8668,250,100,3000,1490,750000,0.402277,0.691044,3.19748,4.29283,,,,,,,,,,,,
5,F2,-100.557,250,100,3000,2140,750000,0.402645,0.796637,3.21708,4.41833,,,,,,,,,,,,
5,F2,-95.7796,250,100,3000,2983,750000,0.412718,0.761489,3.31063,4.48673,,,,,,,,,,,,
,,,,,,,,,,,,,,,,,,,,,,,
5,F2,-76.7794,300,100,3000,2999,900000,0.492133,0.916498,3.97186,5.38262,,,,,,,,,,,,
5,F2,-103.402,300,100,3000,2999,900000,0.492419,1.02121,3.96663,5.48244,,,,,,,,,,,,
5,F2,-119.438,300,100,3000,1298,900000,0.492139,0.909449,3.94602,5.34974,,,,,,,,,,,,
5,F2,-88.7527,300,100,3000,1833,900000,0.492686,0.881679,3.97575,5.35227,,,,,,,,,,,,
5,F2,-103.551,300,100,3000,2999,900000,0.492241,0.963536,3.96894,5.42686,,,,,,,,,,,,
,,,,,,,,,,,,,,,,,,,,,,,
5,F2,-91.7317,350,100,3000,2999,1050000,0.572781,1.22379,4.6247,6.42367,,,,,,,,,,,,
5,F2,-102.538,350,100,3000,1742,1050000,0.573036,1.03286,4.61584,6.22412,,,,,,,,,,,,
5,F2,-108.586,350,100,3000,1327,1050000,0.572952,1.01685,4.59676,6.1889,,,,,,,,,,,,
5,F2,-103.582,350,100,3000,2130,1050000,0.573296,1.09438,4.61337,6.28337,,,,,,,,,,,,
5,F2,-110.46,350,100,3000,1610,1050000,0.573087,0.99257,4.61574,6.18371,,,,,,,,,,,,
,,,,,,,,,,,,,,,,,,,,,,,
5,F2,-100.761,400,100,3000,2999,1200000,0.655048,1.19606,5.27904,7.13278,,,,,,,,,,,,
5,F2,-73.6777,400,100,3000,1498,1200000,0.655072,1.11571,5.29807,7.07151,,,,,,,,,,,,
5,F2,-126.397,400,100,3000,1738,1200000,0.654938,1.25921,5.27928,7.19602,,,,,,,,,,,,
5,F2,-86.4998,400,100,3000,2999,1200000,0.655405,1.34778,5.28578,7.2916,,,,,,,,,,,,
5,F2,-95.5281,400,100,3000,2999,1200000,0.654711,1.37793,5.27422,7.30956,,,,,,,,,,,,
,,,,,,,,,,,,,,,,,,,,,,,
5,F2,-123.424,450,100,3000,1581,1350000,0.735471,1.33441,5.93806,8.01081,,,,,,,,,,,,
5,F2,-72.7193,450,100,3000,2999,1350000,0.734906,1.51206,5.92087,8.1707,,,,,,,,,,,,
5,F2,-85.6018,450,100,3000,2999,1350000,0.735456,1.41803,5.92743,8.08387,,,,,,,,,,,,
5,F2,-74.6228,450,100,3000,1443,1350000,0.736367,1.28676,5.97061,7.99654,,,,,,,,,,,,
5,F2,-92.5821,450,100,3000,2999,1350000,0.735917,1.43278,5.95356,8.12508,,,,,,,,,,,,
,,,,,,,,,,,,,,,,,,,,,,,
5,F2,-85.5832,500,100,3000,2999,1500000,0.818256,1.67336,6.62192,9.11675,,,,,,,,,,,,
5,F2,-83.8084,500,100,3000,1374,1500000,0.817444,1.45466,6.59819,8.87345,,,,,,,,,,,,
5,F2,-105.525,500,100,3000,1340,1500000,0.817602,1.44045,6.6002,8.86142,,,,,,,,,,,,
5,F2,-84.5878,500,100,3000,1328,1500000,0.817769,1.45388,6.58909,8.86395,,,,,,,,,,,,
5,F2,-77.6349,500,100,3000,2999,1500000,0.818597,1.70445,6.61819,9.14442,,,,,,,,,,,,
,,,,,,,,,,,,,,,,,,,,,,,
6,F2,-164.3,50,100,3000,1238,150000,0.0817245,0.156703,0.607718,0.84757,,,,,,,,,,,,
6,F2,-136.493,50,100,3000,2999,150000,0.0770115,0.18645,0.572637,0.836973,,,,,,,,,,,,
6,F2,-153.435,50,100,3000,1389,150000,0.0765893,0.139823,0.565855,0.783177,,,,,,,,,,,,
6,F2,-201.402,50,100,3000,2800,150000,0.0769654,0.152544,0.570135,0.800619,,,,,,,,,,,,
6,F2,-173.394,50,100,3000,2892,150000,0.0772494,0.171573,0.570009,0.819767,,,,,,,,,,,,
,,,,,,,,,,,,,,,,,,,,,,,
6,F2,-123.272,100,100,3000,2999,300000,0.145688,0.334232,1.11519,1.59626,,,,,,,,,,,,
6,F2,-150.204,100,100,3000,2999,300000,0.14517,0.318687,1.11138,1.57639,,,,,,,,,,,,
6,F2,-121.579,100,100,3000,2999,300000,0.147674,0.332983,1.12314,1.60503,,,,,,,,,,,,
6,F2,-144.714,100,100,3000,1548,300000,0.14808,0.274226,1.12729,1.55087,,,,,,,,,,,,
6,F2,-147.17,100,100,3000,1762,300000,0.147071,0.280984,1.11458,1.54383,,,,,,,,,,,,
,,,,,,,,,,,,,,,,,,,,,,,
6,F2,-122.009,150,100,3000,2999,450000,0.213612,0.384082,1.65472,2.25376,,,,,,,,,,,,
6,F2,-98.293,150,100,3000,2999,450000,0.214611,0.438246,1.6642,2.31835,,,,,,,,,,,,
6,F2,-97.6162,150,100,3000,1535,450000,0.215912,0.384557,1.66795,2.26976,,,,,,,,,,,,
6,F2,-110.469,150,100,3000,1285,450000,0.218357,0.387782,1.66814,2.27567,,,,,,,,,,,,
6,F2,-130.355,150,100,3000,2999,450000,0.216971,0.50522,1.67792,2.40144,,,,,,,,,,,,
,,,,,,,,,,,,,,,,,,,,,,,
6,F2,-116.324,200,100,3000,1402,600000,0.283464,0.505242,2.2204,3.01089,,,,,,,,,,,,
6,F2,-120.295,200,100,3000,1293,600000,0.279624,0.511891,2.22431,3.01744,,,,,,,,,,,,
6,F2,-115.77,200,100,3000,2999,600000,0.279267,0.690685,2.2131,3.18462,,,,,,,,,,,,
6,F2,-72.4308,200,100,3000,2999,600000,0.279728,0.67325,2.21628,3.17089,,,,,,,,,,,,
6,F2,-116.114,200,100,3000,2337,600000,0.279608,0.600506,2.22294,3.10468,,,,,,,,,,,,
,,,,,,,,,,,,,,,,,,,,,,,
6,F2,-82.4939,250,100,3000,1544,750000,0.347352,0.608634,2.76595,3.72382,,,,,,,,,,,,
6,F2,-70.1737,250,100,3000,1398,750000,0.348268,0.597453,2.76421,3.71179,,,,,,,,,,,,
6,F2,-82.0536,250,100,3000,1354,750000,0.347181,0.603648,2.76423,3.71683,,,,,,,,,,,,
6,F2,-106.607,250,100,3000,2999,750000,0.352101,0.825977,2.75908,3.93906,,,,,,,,,,,,
6,F2,-91.6947,250,100,3000,2999,750000,0.344173,0.618508,2.75646,3.7208,,,,,,,,,,,,
,,,,,,,,,,,,,,,,,,,,,,,
6,F2,-90.7537,300,100,3000,1461,900000,0.411187,0.738622,3.32118,4.47289,,,,,,,,,,,,
6,F2,-114.47,300,100,3000,1381,900000,0.411666,0.728309,3.31644,4.45823,,,,,,,,,,,,
6,F2,-66.746,300,100,3000,2999,900000,0.41116,0.902224,3.31224,4.62743,,,,,,,,,,,,
6,F2,-111.941,300,100,3000,1673,900000,0.411485,0.751963,3.31097,4.47628,,,,,,,,,,,,
6,F2,-100.104,300,100,3000,1697,900000,0.411417,0.718919,3.31361,4.44576,,,,,,,,,,,,
,,,,,,,,,,,,,,,,,,,,,,,
6,F2,-94.0699,350,100,3000,1891,1050000,0.479536,0.828359,3.86948,5.17956,,,,,,,,,,,,
6,F2,-94.5697,350,100,3000,2999,1050000,0.479156,1.03827,3.85253,5.37209,,,,,,,,,,,,
6,F2,-91.548,350,100,3000,1609,1050000,0.479374,0.855497,3.8442,5.18123,,,,,,,,,,,,
6,F2,-94.6971,350,100,3000,2999,1050000,0.479243,0.961173,3.86583,5.30835,,,,,,,,,,,,
6,F2,-89.9767,350,100,3000,2999,1050000,0.47971,1.05624,3.84745,5.38556,,,,,,,,,,,,
,,,,,,,,,,,,,,,,,,,,,,,
6,F2,-91.5403,400,100,3000,2999,1200000,0.546419,1.18999,4.38947,6.12826,,,,,,,,,,,,
6,F2,-80.9347,400,100,3000,1537,1200000,0.546901,0.928846,4.39928,5.87737,,,,,,,,,,,,
6,F2,-99.554,400,100,3000,1791,1200000,0.545896,0.922172,4.39116,5.86159,,,,,,,,,,,,
6,F2,-111.808,400,100,3000,1385,1200000,0.546942,0.995716,4.41439,5.95944,,,,,,,,,,,,
6,F2,-88.5576,400,100,3000,2999,1200000,0.546673,1.06035,4.3896,5.9989,,,,,,,,,,,,
,,,,,,,,,,,,,,,,,,,,,,,
6,F2,-82.8234,450,100,3000,1306,1350000,0.614195,1.10593,4.96121,6.68385,,,,,,,,,,,,
6,F2,-85.8387,450,100,3000,2999,1350000,0.614998,1.27412,4.97608,6.86777,,,,,,,,,,,,
6,F2,-80.6259,450,100,3000,2999,1350000,0.613688,1.27657,4.95574,6.8485,,,,,,,,,,,,
6,F2,-109.619,450,100,3000,1318,1350000,0.614559,1.13774,4.9604,6.71517,,,,,,,,,,,,
6,F2,-71.981,450,100,3000,1317,1350000,0.613907,1.04234,4.96199,6.6207,,,,,,,,,,,,
,,,,,,,,,,,,,,,,,,,,,,,
6,F2,-72.686,500,100,3000,1873,1500000,0.682802,1.16055,5.51652,7.36258,,,,,,,,,,,,
6,F2,-69.6625,500,100,3000,2709,1500000,0.682425,1.29897,5.49772,7.48183,,,,,,,,,,,,
6,F2,-88.5792,500,100,3000,1714,1500000,0.682462,1.2178,5.50245,7.40534,,,,,,,,,,,,
6,F2,-86.5623,500,100,3000,2999,1500000,0.683463,1.40901,5.53475,7.62995,,,,,,,,,,,,
6,F2,-95.6612,500,100,3000,1538,1500000,0.682163,1.20126,5.50155,7.38768,,,,,,,,,,,,
,,,,,,,,,,,,,,,,,,,,,,,
7,F2,-177.892,50,100,3000,1949,150000,0.0721674,0.15104,0.527699,0.75224,,,,,,,,,,,,
7,F2,-175.116,50,100,3000,1785,150000,0.0676213,0.136333,0.486983,0.69183,,,,,,,,,,,,
7,F2,-167.473,50,100,3000,2034,150000,0.0675264,0.13988,0.490097,0.698401,,,,,,,,,,,,
7,F2,-174.074,50,100,3000,1503,150000,0.0678482,0.129101,0.491335,0.68915,,,,,,,,,,,,
7,F2,-168.911,50,100,3000,2972,150000,0.0677042,0.155366,0.48874,0.712736,,,,,,,,,,,,
,,,,,,,,,,,,,,,,,,,,,,,
7,F2,-96.8118,100,100,3000,1310,300000,0.125848,0.228921,0.960816,1.31671,,,,,,,,,,,,
7,F2,-110.185,100,100,3000,2999,300000,0.1266,0.286636,0.970891,1.38522,,,,,,,,,,,,
7,F2,-116.605,100,100,3000,1523,300000,0.125569,0.227648,0.956923,1.31121,,,,,,,,,,,,
7,F2,-148.118,100,100,3000,1325,300000,0.1261,0.237642,0.961766,1.32663,,,,,,,,,,,,
7,F2,-148.515,100,100,3000,2209,300000,0.125719,0.262361,0.963142,1.35235,,,,,,,,,,,,
,,,,,,,,,,,,,,,,,,,,,,,
7,F2,-105.967,150,100,3000,1451,450000,0.184146,0.330759,1.42923,1.94537,,,,,,,,,,,,
7,F2,-129.575,150,100,3000,2957,450000,0.184014,0.358225,1.43147,1.9749,,,,,,,,,,,,
7,F2,-132.555,150,100,3000,1367,450000,0.184015,0.339291,1.43118,1.95577,,,,,,,,,,,,
7,F2,-114.979,150,100,3000,2999,450000,0.184165,0.455838,1.43944,2.08067,,,,,,,,,,,,
7,F2,-127.829,150,100,3000,1650,450000,0.18487,0.341731,1.43531,1.96317,,,,,,,,,,,,
,,,,,,,,,,,,,,,,,,,,,,,
7,F2,-135.507,200,100,3000,2999,600000,0.241906,0.610183,1.89861,2.75208,,,,,,,,,,,,
7,F2,-112.163,200,100,3000,2953,600000,0.241713,0.448843,1.90186,2.59397,,,,,,,,,,,,
7,F2,-112.621,200,100,3000,2999,600000,0.241885,0.614357,1.90117,2.75886,,,,,,,,,,,,
7,F2,-117.38,200,100,3000,2999,600000,0.244239,0.578967,1.90591,2.73059,,,,,,,,,,,,
7,F2,-105.668,200,100,3000,2999,600000,0.241826,0.603288,1.90781,2.75441,,,,,,,,,,,,
,,,,,,,,,,,,,,,,,,,,,,,
7,F2,-93.8729,250,100,3000,2999,750000,0.299338,0.676882,2.36238,3.34029,,,,,,,,,,,,
7,F2,-83.9069,250,100,3000,1245,750000,0.299838,0.537921,2.36848,3.20806,,,,,,,,,,,,
7,F2,-107.506,250,100,3000,2999,750000,0.299708,0.760072,2.37229,3.43378,,,,,,,,,,,,
7,F2,-87.6095,250,100,3000,2667,750000,0.299718,0.672601,2.38104,3.35506,,,,,,,,,,,,
7,F2,-98.6059,250,100,3000,1780,750000,0.300677,0.526579,2.37686,3.20585,,,,,,,,,,,,
,,,,,,,,,,,,,,,,,,,,,,,
7,F2,-101.77,300,100,3000,1200,900000,0.358587,0.642014,2.84004,3.84261,,,,,,,,,,,,
7,F2,-85.6617,300,100,3000,2999,900000,0.359777,0.877071,2.83779,4.07654,,,,,,,,,,,,
7,F2,-92.0427,300,100,3000,1916,900000,0.358773,0.67317,2.84821,3.88205,,,,,,,,,,,,
7,F2,-74.9426,300,100,3000,2999,900000,0.358333,0.815889,2.84621,4.02233,,,,,,,,,,,,
7,F2,-82.8898,300,100,3000,2999,900000,0.358729,0.9088,2.85217,4.12158,,,,,,,,,,,,
,,,,,,,,,,,,,,,,,,,,,,,
7,F2,-102.596,350,100,3000,1965,1050000,0.416488,0.779391,3.31341,4.5113,,,,,,,,,,,,
7,F2,-111.469,350,100,3000,2999,1050000,0.416347,1.05721,3.32191,4.79752,,,,,,,,,,,,
7,F2,-88.5629,350,100,3000,2563,1050000,0.415681,0.942901,3.30926,4.66985,,,,,,,,,,,,
7,F2,-85.9061,350,100,3000,2999,1050000,0.416079,1.04141,3.32294,4.78245,,,,,,,,,,,,
7,F2,-78.6092,350,100,3000,2999,1050000,0.41815,0.80878,3.31316,4.54208,,,,,,,,,,,,
,,,,,,,,,,,,,,,,,,,,,,,
7,F2,-76.9478,400,100,3000,1660,1200000,0.474304,0.834426,3.78036,5.0915,,,,,,,,,,,,
7,F2,-100.508,400,100,3000,1553,1200000,0.475184,0.877198,3.77976,5.13444,,,,,,,,,,,,
7,F2,-92.5328,400,100,3000,2849,1200000,0.474487,0.983266,3.76415,5.22421,,,,,,,,,,,,
7,F2,-73.022,400,100,3000,2975,1200000,0.476521,0.973588,3.78411,5.2366,,,,,,,,,,,,
7,F2,-105.612,400,100,3000,2999,1200000,0.47513,1.06038,3.77969,5.31755,,,,,,,,,,,,
,,,,,,,,,,,,,,,,,,,,,,,
7,F2,-90.5705,450,100,3000,1638,1350000,0.531716,0.938584,4.24972,5.72262,,,,,,,,,,,,
7,F2,-78.6301,450,100,3000,1834,1350000,0.531138,0.968891,4.24982,5.75241,,,,,,,,,,,,
7,F2,-85.6254,450,100,3000,1728,1350000,0.532246,0.986345,4.25082,5.77199,,,,,,,,,,,,
7,F2,-94.0947,450,100,3000,1277,1350000,0.533684,0.9458,4.2357,5.71764,,,,,,,,,,,,
7,F2,-90.5683,450,100,3000,1355,1350000,0.533287,0.931354,4.21739,5.68437,,,,,,,,,,,,
,,,,,,,,,,,,,,,,,,,,,,,
7,F2,-71.6568,500,100,3000,1633,1500000,0.593284,0.979371,4.72306,6.29832,,,,,,,,,,,,
7,F2,-85.5685,500,100,3000,2015,1500000,0.589964,1.08407,4.70536,6.38193,,,,,,,,,,,,
7,F2,-79.7458,500,100,3000,1942,1500000,0.590771,1.02813,4.73557,6.35705,,,,,,,,,,,,
7,F2,-80.5935,500,100,3000,2579,1500000,0.591978,1.10168,4.73491,6.43123,,,,,,,,,,,,
7,F2,-82.729,500,100,3000,1416,1500000,0.592264,1.06756,4.75854,6.42095,,,,,,,,,,,,
,,,,,,,,,,,,,,,,,,,,,,,
8,F2,-136.522,50,100,3000,2999,150000,0.0657632,0.156474,0.472036,0.695533,,,,,,,,,,,,
8,F2,-126.557,50,100,3000,1264,150000,0.0617664,0.123615,0.431772,0.618144,,,,,,,,,,,,
8,F2,-178.274,50,100,3000,1862,150000,0.0620544,0.133846,0.433402,0.630287,,,,,,,,,,,,
8,F2,-200.25,50,100,3000,1230,150000,0.0617324,0.12545,0.430972,0.619019,,,,,,,,,,,,
8,F2,-195.402,50,100,3000,2980,150000,0.0620264,0.139085,0.436781,0.638818,,,,,,,,,,,,
,,,,,,,,,,,,,,,,,,,,,,,
8,F2,-137.649,100,100,3000,2999,300000,0.113936,0.296414,0.845639,1.25706,,,,,,,,,,,,
8,F2,-133.796,100,100,3000,1755,300000,0.113697,0.20613,0.842255,1.16322,,,,,,,,,,,,
8,F2,-125.115,100,100,3000,1391,300000,0.114289,0.198436,0.838666,1.1526,,,,,,,,,,,,
8,F2,-104.959,100,100,3000,1622,300000,0.114179,0.213228,0.84101,1.16953,,,,,,,,,,,,
8,F2,-123.353,100,100,3000,2999,300000,0.11449,0.299419,0.84413,1.25918,,,,,,,,,,,,
,,,,,,,,,,,,,,,,,,,,,,,
8,F2,-100.091,150,100,3000,1756,450000,0.164869,0.29942,1.26642,1.73196,,,,,,,,,,,,
8,F2,-145.085,150,100,3000,1372,450000,0.165069,0.312797,1.26359,1.74276,,,,,,,,,,,,
8,F2,-111.54,150,100,3000,2667,450000,0.164086,0.308922,1.27107,1.74535,,,,,,,,,,,,
8,F2,-87.4352,150,100,3000,1443,450000,0.164612,0.293972,1.26246,1.72231,,,,,,,,,,,,
8,F2,-125.65,150,100,3000,1209,450000,0.164984,0.305642,1.26694,1.7389,,,,,,,,,,,,
,,,,,,,,,,,,,,,,,,,,,,,
8,F2,-131.426,200,100,3000,2999,600000,0.216826,0.507241,1.67396,2.39941,,,,,,,,,,,,
8,F2,-102.515,200,100,3000,1965,600000,0.215964,0.392781,1.66884,2.2789,,,,,,,,,,,,
8,F2,-108.729,200,100,3000,1588,600000,0.215623,0.410477,1.66861,2.29605,,,,,,,,,,,,
8,F2,-117.712,200,100,3000,2999,600000,0.216331,0.558658,1.67893,2.45525,,,,,,,,,,,,
8,F2,-94.0375,200,100,3000,1310,600000,0.216891,0.380477,1.67346,2.27213,,,,,,,,,,,,
,,,,,,,,,,,,,,,,,,,,,,,
8,F2,-99.2089,250,100,3000,1831,750000,0.265846,0.538917,2.07981,2.88625,,,,,,,,,,,,
8,F2,-96.2293,250,100,3000,1351,750000,0.266153,0.493122,2.07566,2.83658,,,,,,,,,,,,
8,F2,-108.99,250,100,3000,2996,750000,0.265911,0.639769,2.08638,2.99365,,,,,,,,,,,,
8,F2,-86.8773,250,100,3000,2999,750000,0.266395,0.484286,2.08772,2.84012,,,,,,,,,,,,
8,F2,-86.6386,250,100,3000,2999,750000,0.265841,0.659021,2.07283,2.99933,,,,,,,,,,,,
,,,,,,,,,,,,,,,,,,,,,,,
8,F2,-91.4102,300,100,3000,2887,900000,0.318695,0.614748,2.49349,3.42889,,,,,,,,,,,,
8,F2,-96.8119,300,100,3000,2999,900000,0.316858,0.774899,2.48965,3.58326,,,,,,,,,,,,
8,F2,-116.263,300,100,3000,2999,900000,0.317206,0.839174,2.49836,3.65656,,,,,,,,,,,,
8,F2,-101.598,300,100,3000,2999,900000,0.316598,0.620347,2.48726,3.42598,,,,,,,,,,,,
8,F2,-122.132,300,100,3000,1301,900000,0.318798,0.598818,2.49338,3.41278,,,,,,,,,,,,
,,,,,,,,,,,,,,,,,,,,,,,
8,F2,-90.3627,350,100,3000,1354,1050000,0.368695,0.651494,2.89256,3.91466,,,,,,,,,,,,
8,F2,-87.5843,350,100,3000,1465,1050000,0.367702,0.679192,2.89277,3.94168,,,,,,,,,,,,
8,F2,-78.6139,350,100,3000,1549,1050000,0.36865,0.653161,2.90051,3.92443,,,,,,,,,,,,
8,F2,-105.822,350,100,3000,2999,1050000,0.369589,0.961976,2.89292,4.22649,,,,,,,,,,,,
8,F2,-86.8701,350,100,3000,2999,1050000,0.36878,0.91079,2.90086,4.18235,,,,,,,,,,,,
,,,,,,,,,,,,,,,,,,,,,,,
8,F2,-109.599,400,100,3000,2999,1200000,0.420548,0.868807,3.32625,4.61765,,,,,,,,,,,,
8,F2,-85.872,400,100,3000,2379,1200000,0.421473,0.831664,3.32706,4.58221,,,,,,,,,,,,
8,F2,-83.9903,400,100,3000,2999,1200000,0.419623,1.07595,3.31489,4.81252,,,,,,,,,,,,
8,F2,-92.6771,400,100,3000,2125,1200000,0.418584,0.894856,3.30066,4.61613,,,,,,,,,,,,
8,F2,-78.6827,400,100,3000,1270,1200000,0.420023,0.735292,3.29677,4.45418,,,,,,,,,,,,
,,,,,,,,,,,,,,,,,,,,,,,
8,F2,-101.512,450,100,3000,2999,1350000,0.469319,1.24115,3.71815,5.43091,,,,,,,,,,,,
8,F2,-66.6676,450,100,3000,1518,1350000,0.470143,0.843321,3.73131,5.04724,,,,,,,,,,,,
8,F2,-124.451,450,100,3000,2834,1350000,0.471981,1.23098,3.73935,5.44464,,,,,,,,,,,,
8,F2,-90.571,450,100,3000,2999,1350000,0.470525,1.22199,3.74227,5.43718,,,,,,,,,,,,
8,F2,-85.5666,450,100,3000,2536,1350000,0.469665,0.936081,3.7264,5.13449,,,,,,,,,,,,
,,,,,,,,,,,,,,,,,,,,,,,
8,F2,-73.6294,500,100,3000,1563,1500000,0.522054,0.927211,4.1345,5.58629,,,,,,,,,,,,
8,F2,-79.6028,500,100,3000,2999,1500000,0.522971,1.33171,4.15202,6.00915,,,,,,,,,,,,
8,F2,-77.7787,500,100,3000,2600,1500000,0.520843,1.18584,4.12638,5.83547,,,,,,,,,,,,
8,F2,-90.0498,500,100,3000,1480,1500000,0.521917,0.921933,4.14853,5.59484,,,,,,,,,,,,
8,F2,-81.5154,500,100,3000,1539,1500000,0.520782,0.979391,4.11568,5.61827,,,,,,,,,,,,
,,,,,,,,,,,,,,,,,,,,,,,
9,F2,-143.55,50,100,3000,1337,150000,0.0611044,0.114455,0.431082,0.607877,,,,,,,,,,,,
9,F2,-201.428,50,100,3000,1457,150000,0.0581311,0.109645,0.396169,0.565038,,,,,,,,,,,,
9,F2,-197.761,50,100,3000,2999,150000,0.058293,0.158007,0.39681,0.614142,,,,,,,,,,,,
9,F2,-168.901,50,100,3000,2999,150000,0.0578091,0.151401,0.395473,0.605609,,,,,,,,,,,,
9,F2,-130.059,50,100,3000,2928,150000,0.0574001,0.127393,0.395079,0.580701,,,,,,,,,,,,
,,,,,,,,,,,,,,,,,,,,,,,
9,F2,-130.946,100,100,3000,2050,300000,0.101819,0.203754,0.760058,1.06682,,,,,,,,,,,,
9,F2,-114.178,100,100,3000,1403,300000,0.102104,0.189042,0.76002,1.05237,,,,,,,,,,,,
9,F2,-124.071,100,100,3000,2999,300000,0.101386,0.235573,0.760181,1.09835,,,,,,,,,,,,
9,F2,-143.958,100,100,3000,1269,300000,0.10159,0.190715,0.758764,1.05228,,,,,,,,,,,,
9,F2,-124.997,100,100,3000,2992,300000,0.10277,0.192501,0.755307,1.05182,,,,,,,,,,,,
,,,,,,,,,,,,,,,,,,,,,,,
9,F2,-142.515,150,100,3000,2999,450000,0.148561,0.38582,1.14363,1.67922,,,,,,,,,,,,
9,F2,-112.417,150,100,3000,1764,450000,0.148488,0.279421,1.13612,1.56528,,,,,,,,,,,,
9,F2,-128.602,150,100,3000,1863,450000,0.148398,0.311153,1.1425,1.60334,,,,,,,,,,,,
9,F2,-108.028,150,100,3000,1249,450000,0.147706,0.274407,1.13865,1.56207,,,,,,,,,,,,
9,F2,-125.282,150,100,3000,1243,450000,0.146937,0.275442,1.12861,1.55229,,,,,,,,,,,,
,,,,,,,,,,,,,,,,,,,,,,,
9,F2,-115.101,200,100,3000,2317,600000,0.193033,0.363074,1.5084,2.0659,,,,,,,,,,,,
9,F2,-95.6969,200,100,3000,1562,600000,0.192943,0.373003,1.50125,2.06849,,,,,,,,,,,,
9,F2,-104.992,200,100,3000,2999,600000,0.194073,0.524131,1.50802,2.22754,,,,,,,,,,,,
9,F2,-103.889,200,100,3000,2999,600000,0.193842,0.489517,1.51323,2.1979,,,,,,,,,,,,
9,F2,-107.61,200,100,3000,1492,600000,0.193923,0.355565,1.50353,2.05446,,,,,,,,,,,,
,,,,,,,,,,,,,,,,,,,,,,,
9,F2,-104.774,250,100,3000,1703,750000,0.239178,0.454165,1.87046,2.56527,,,,,,,,,,,,
9,F2,-102.15,250,100,3000,2999,750000,0.238873,0.555317,1.86593,2.66161,,,,,,,,,,,,
9,F2,-106.688,250,100,3000,2999,750000,0.238208,0.596525,1.85669,2.69298,,,,,,,,,,,,
9,F2,-75.5437,250,100,3000,2323,750000,0.238912,0.501224,1.86699,2.60859,,,,,,,,,,,,
9,F2,-120.477,250,100,3000,1785,750000,0.239821,0.498373,1.87324,2.61295,,,,,,,,,,,,
,,,,,,,,,,,,,,,,,,,,,,,
9,F2,-58.8796,300,100,3000,1604,900000,0.284885,0.487763,2.23052,3.00494,,,,,,,,,,,,
9,F2,-102.552,300,100,3000,2999,900000,0.284218,0.694329,2.23495,3.21522,,,,,,,,,,,,
9,F2,-100.572,300,100,3000,2991,900000,0.291366,0.613252,2.27929,3.18564,,,,,,,,,,,,
9,F2,-81.0339,300,100,3000,2985,900000,0.282468,0.714506,2.22393,3.2226,,,,,,,,,,,,
9,F2,-101.569,300,100,3000,2999,900000,0.283293,0.726766,2.227,3.23878,,,,,,,,,,,,
,,,,,,,,,,,,,,,,,,,,,,,
9,F2,-90.8732,350,100,3000,2997,1050000,0.328533,0.7299,2.57793,3.63815,,,,,,,,,,,,
9,F2,-101.113,350,100,3000,2999,1050000,0.334323,0.882603,2.59433,3.81315,,,,,,,,,,,,
9,F2,-130.539,350,100,3000,1741,1050000,0.334653,0.66454,2.59441,3.59541,,,,,,,,,,,,
9,F2,-93.5576,350,100,3000,2999,1050000,0.336145,0.884987,2.59697,3.82004,,,,,,,,,,,,
9,F2,-119.3,350,100,3000,2999,1050000,0.339859,0.839645,2.60081,3.78229,,,,,,,,,,,,
,,,,,,,,,,,,,,,,,,,,,,,
9,F2,-71.6425,400,100,3000,2569,1200000,0.383154,0.682716,2.96901,4.03677,,,,,,,,,,,,
9,F2,-89.6429,400,100,3000,1351,1200000,0.375494,0.68869,2.94841,4.01461,,,,,,,,,,,,
9,F2,-64.6751,400,100,3000,2999,1200000,0.374502,0.88812,2.94959,4.21423,,,,,,,,,,,,
9,F2,-74.6341,400,100,3000,2999,1200000,0.37492,0.983318,2.96044,4.32072,,,,,,,,,,,,
9,F2,-108.451,400,100,3000,1959,1200000,0.376158,0.691462,2.95011,4.01975,,,,,,,,,,,,
,,,,,,,,,,,,,,,,,,,,,,,
9,F2,-100.853,450,100,3000,2999,1350000,0.420916,1.02789,3.3164,4.76723,,,,,,,,,,,,
9,F2,-81.638,450,100,3000,2999,1350000,0.420242,0.784462,3.31642,4.52318,,,,,,,,,,,,
9,F2,-100.623,450,100,3000,2996,1350000,0.428299,0.805122,3.32479,4.56031,,,,,,,,,,,,
9,F2,-127.49,450,100,3000,1502,1350000,0.419803,0.766288,3.31352,4.5017,,,,,,,,,,,,
9,F2,-76.789,450,100,3000,2999,1350000,0.419913,1.10449,3.32389,4.85037,,,,,,,,,,,,
,,,,,,,,,,,,,,,,,,,,,,,
9,F2,-113.449,500,100,3000,1207,1500000,0.465274,0.865416,3.68194,5.01498,,,,,,,,,,,,
9,F2,-79.6131,500,100,3000,2916,1500000,0.464734,1.08347,3.68633,5.23682,,,,,,,,,,,,
9,F2,-93.541,500,100,3000,2999,1500000,0.465486,1.19753,3.6858,5.35105,,,,,,,,,,,,
9,F2,-76.6337,500,100,3000,2999,1500000,0.465025,1.27432,3.66888,5.41046,,,,,,,,,,,,
9,F2,-105.466,500,100,3000,2393,1500000,0.465355,0.94052,3.67131,5.07952,,,,,,,,,,,,
,,,,,,,,,,,,,,,,,,,,,,,
10,F2,-218.977,50,100,3000,1268,150000,0.0570265,0.110281,0.395403,0.564318,,,,,,,,,,,,
10,F2,-167.313,50,100,3000,1247,150000,0.0522484,0.101821,0.355081,0.509969,,,,,,,,,,,,
10,F2,-147.042,50,100,3000,1379,150000,0.0528354,0.102241,0.357765,0.513675,,,,,,,,,,,,
10,F2,-161.891,50,100,3000,2964,150000,0.0527453,0.112281,0.355039,0.520895,,,,,,,,,,,,
10,F2,-192.64,50,100,3000,1418,150000,0.0524263,0.0989291,0.356047,0.508269,,,,,,,,,,,,
,,,,,,,,,,,,,,,,,,,,,,,
10,F2,-127.761,100,100,3000,2999,300000,0.0938406,0.226282,0.682456,1.00353,,,,,,,,,,,,
10,F2,-115.826,100,100,3000,2999,300000,0.0938024,0.257753,0.682705,1.03527,,,,,,,,,,,,
10,F2,-160.47,100,100,3000,2149,300000,0.0936783,0.207634,0.681067,0.983344,,,,,,,,,,,,
10,F2,-140.445,100,100,3000,2999,300000,0.0946262,0.254706,0.690561,1.04089,,,,,,,,,,,,
10,F2,-104.534,100,100,3000,2999,300000,0.0939524,0.25069,0.687028,1.03264,,,,,,,,,,,,
,,,,,,,,,,,,,,,,,,,,,,,
10,F2,-90.7879,150,100,3000,2999,450000,0.134534,0.345975,1.02303,1.50473,,,,,,,,,,,,
10,F2,-98.7122,150,100,3000,1377,450000,0.13455,0.249584,1.02148,1.40679,,,,,,,,,,,,
10,F2,-84.6647,150,100,3000,2966,450000,0.134932,0.308889,1.02903,1.47397,,,,,,,,,,,,
10,F2,-117.313,150,100,3000,1300,450000,0.134176,0.245678,1.01821,1.39919,,,,,,,,,,,,
10,F2,-99.6824,150,100,3000,1708,450000,0.13507,0.246154,1.02924,1.41158,,,,,,,,,,,,
,,,,,,,,,,,,,,,,,,,,,,,
10,F2,-104.478,200,100,3000,2216,600000,0.175169,0.384566,1.34874,1.90978,,,,,,,,,,,,
10,F2,-105.167,200,100,3000,1290,600000,0.176995,0.322876,1.35423,1.85547,,,,,,,,,,,,
10,F2,-106.528,200,100,3000,1420,600000,0.180301,0.329292,1.37243,1.88335,,,,,,,,,,,,
10,F2,-116.943,200,100,3000,1308,600000,0.178577,0.322846,1.35767,1.86041,,,,,,,,,,,,
10,F2,-103.381,200,100,3000,1942,600000,0.176025,0.339228,1.34948,1.86602,,,,,,,,,,,,
,,,,,,,,,,,,,,,,,,,,,,,
10,F2,-118.876,250,100,3000,1288,750000,0.216807,0.406933,1.67573,2.30082,,,,,,,,,,,,
10,F2,-114.872,250,100,3000,2999,750000,0.217336,0.573662,1.68756,2.47995,,,,,,,,,,,,
10,F2,-135.682,250,100,3000,1292,750000,0.216808,0.405418,1.67854,2.30217,,,,,,,,,,,,
10,F2,-98.58,250,100,3000,2999,750000,0.216775,0.569301,1.67575,2.46321,,,,,,,,,,,,
10,F2,-91.1922,250,100,3000,1858,750000,0.216974,0.438227,1.68061,2.33718,,,,,,,,,,,,
,,,,,,,,,,,,,,,,,,,,,,,
10,F2,-96.5843,300,100,3000,1279,900000,0.257752,0.474728,2.00652,2.74055,,,,,,,,,,,,
10,F2,-95.5391,300,100,3000,1237,900000,0.257911,0.47003,2.00711,2.73662,,,,,,,,,,,,
10,F2,-73.1503,300,100,3000,1469,900000,0.257915,0.475275,2.00608,2.74075,,,,,,,,,,,,
10,F2,-102.742,300,100,3000,1247,900000,0.258497,0.485646,2.00241,2.74813,,,,,,,,,,,,
10,F2,-80.8232,300,100,3000,1198,900000,0.258089,0.457989,2.00661,2.72422,,,,,,,,,,,,
,,,,,,,,,,,,,,,,,,,,,,,
10,F2,-91.8208,350,100,3000,1357,1050000,0.301355,0.51044,2.34866,3.16217,,,,,,,,,,,,
10,F2,-114.498,350,100,3000,1763,1050000,0.300438,0.529087,2.34196,3.17306,,,,,,,,,,,,
10,F2,-80.6868,350,100,3000,1278,1050000,0.297952,0.554039,2.33104,3.18469,,,,,,,,,,,,
10,F2,-101.612,350,100,3000,1266,1050000,0.297895,0.560046,2.32284,3.18242,,,,,,,,,,,,
10,F2,-104.692,350,100,3000,1240,1050000,0.298058,0.539362,2.33171,3.17081,,,,,,,,,,,,
,,,,,,,,,,,,,,,,,,,,,,,
10,F2,-76.64,400,100,3000,1485,1200000,0.341942,0.619501,2.65685,3.62011,,,,,,,,,,,,
10,F2,-76.6232,400,100,3000,1679,1200000,0.341165,0.659353,2.66979,3.67224,,,,,,,,,,,,
10,F2,-78.6114,400,100,3000,2999,1200000,0.341711,0.855833,2.67014,3.86953,,,,,,,,,,,,
10,F2,-100.864,400,100,3000,2999,1200000,0.340552,0.848553,2.65277,3.84369,,,,,,,,,,,,
10,F2,-95.6161,400,100,3000,2999,1200000,0.340392,0.953455,2.66838,3.96402,,,,,,,,,,,,
,,,,,,,,,,,,,,,,,,,,,,,
10,F2,-87.5588,450,100,3000,2999,1350000,0.380196,0.746945,2.97692,4.10615,,,,,,,,,,,,
10,F2,-94.536,450,100,3000,1754,1350000,0.380209,0.752706,2.99063,4.12551,,,,,,,,,,,,
10,F2,-67.222,450,100,3000,1256,1350000,0.381166,0.676663,3.00081,4.06057,,,,,,,,,,,,
10,F2,-84.7112,450,100,3000,2999,1350000,0.380882,1.06561,2.99159,4.44004,,,,,,,,,,,,
10,F2,-92.5607,450,100,3000,1971,1350000,0.381177,0.801494,2.98812,4.17271,,,,,,,,,,,,
,,,,,,,,,,,,,,,,,,,,,,,
10,F2,-75.6286,500,100,3000,1604,1500000,0.420566,0.753216,3.3027,4.47859,,,,,,,,,,,,
10,F2,-79.6043,500,100,3000,2573,1500000,0.422359,0.791527,3.32687,4.54279,,,,,,,,,,,,
10,F2,-69.6491,500,100,3000,2999,1500000,0.421473,1.17465,3.3148,4.913,,,,,,,,,,,,
10,F2,-91.5371,500,100,3000,1581,1500000,0.422044,0.815496,3.3118,4.55136,,,,,,,,,,,,
10,F2,-99.4963,500,100,3000,2398,1500000,0.422505,0.955169,3.32419,4.70389,,,,,,,,,,,,
,,,,,,,,,,,,,,,,,,,,,,,
11,F2,-134.833,50,100,3000,2999,150000,0.0536918,0.147221,0.355694,0.557792,,,,,,,,,,,,
11,F2,-135.479,50,100,3000,1572,150000,0.0512188,0.101317,0.326002,0.479596,,,,,,,,,,,,
11,F2,-181.731,50,100,3000,1508,150000,0.050548,0.100553,0.327232,0.479323,,,,,,,,,,,,
11,F2,-155.772,50,100,3000,1809,150000,0.0510118,0.0967454,0.325254,0.473966,,,,,,,,,,,,
11,F2,-144.437,50,100,3000,1398,150000,0.051004,0.0943931,0.324801,0.471129,,,,,,,,,,,,
,,,,,,,,,,,,,,,,,,,,,,,
11,F2,-124.163,100,100,3000,1259,300000,0.0885893,0.167981,0.623659,0.881374,,,,,,,,,,,,
11,F2,-140.113,100,100,3000,1345,300000,0.0885823,0.172064,0.623263,0.885041,,,,,,,,,,,,
11,F2,-128.653,100,100,3000,2999,300000,0.08755,0.262801,0.63066,0.982194,,,,,,,,,,,,
11,F2,-131.939,100,100,3000,1377,300000,0.0882704,0.169834,0.623388,0.882709,,,,,,,,,,,,
11,F2,-157.915,100,100,3000,2999,300000,0.0883142,0.243832,0.625602,0.958835,,,,,,,,,,,,
,,,,,,,,,,,,,,,,,,,,,,,
11,F2,-100.951,150,100,3000,1679,450000,0.124595,0.240983,0.943212,1.31001,,,,,,,,,,,,
11,F2,-102.783,150,100,3000,2999,450000,0.124358,0.358627,0.957828,1.44202,,,,,,,,,,,,
11,F2,-99.1992,150,100,3000,2999,450000,0.124759,0.241114,0.940938,1.30796,,,,,,,,,,,,
11,F2,-100.269,150,100,3000,2999,450000,0.124476,0.357543,0.954591,1.43782,,,,,,,,,,,,
11,F2,-111.298,150,100,3000,2999,450000,0.12411,0.313725,0.949268,1.38827,,,,,,,,,,,,
,,,,,,,,,,,,,,,,,,,,,,,
11,F2,-123.19,200,100,3000,2999,600000,0.162363,0.436452,1.25121,1.85142,,,,,,,,,,,,
11,F2,-121.965,200,100,3000,1818,600000,0.16138,0.305129,1.23642,1.70437,,,,,,,,,,,,
11,F2,-120.959,200,100,3000,1220,600000,0.161644,0.30417,1.23662,1.70384,,,,,,,,,,,,
11,F2,-114.887,200,100,3000,2999,600000,0.162262,0.473981,1.26105,1.89866,,,,,,,,,,,,
11,F2,-92.216,200,100,3000,2999,600000,0.162592,0.484199,1.26435,1.91247,,,,,,,,,,,,
,,,,,,,,,,,,,,,,,,,,,,,
11,F2,-134.48,250,100,3000,2999,750000,0.198836,0.585197,1.56121,2.34671,,,,,,,,,,,,
11,F2,-106.338,250,100,3000,1274,750000,0.199197,0.376728,1.53583,2.11343,,,,,,,,,,,,
11,F2,-101.842,250,100,3000,2999,750000,0.198699,0.553223,1.55875,2.31222,,,,,,,,,,,,
11,F2,-112.452,250,100,3000,1577,750000,0.198599,0.379825,1.53938,2.11936,,,,,,,,,,,,
11,F2,-106.336,250,100,3000,1915,750000,0.199413,0.365374,1.54219,2.10853,,,,,,,,,,,,
,,,,,,,,,,,,,,,,,,,,,,,
11,F2,-110.744,300,100,3000,2811,900000,0.237317,0.480822,1.8551,2.57486,,,,,,,,,,,,
11,F2,-94.6386,300,100,3000,1916,900000,0.237405,0.490661,1.84728,2.57696,,,,,,,,,,,,
11,F2,-66.0075,300,100,3000,2999,900000,0.238172,0.718809,1.86087,2.81946,,,,,,,,,,,,
11,F2,-82.6618,300,100,3000,2999,900000,0.238024,0.443379,1.84637,2.52946,,,,,,,,,,,,
11,F2,-85.3233,300,100,3000,2999,900000,0.237744,0.653591,1.86328,2.75624,,,,,,,,,,,,
,,,,,,,,,,,,,,,,,,,,,,,
11,F2,-76.8592,350,100,3000,2556,1050000,0.273164,0.631625,2.15209,3.05871,,,,,,,,,,,,
11,F2,-76.3804,350,100,3000,2970,1050000,0.275372,0.653148,2.16484,3.09521,,,,,,,,,,,,
11,F2,-93.5629,350,100,3000,2999,1050000,0.273281,0.705277,2.16097,3.14126,,,,,,,,,,,,
11,F2,-86.6706,350,100,3000,1418,1050000,0.274361,0.511371,2.14133,2.92891,,,,,,,,,,,,
11,F2,-97.7437,350,100,3000,2999,1050000,0.273769,0.557607,2.14798,2.98112,,,,,,,,,,,,
,,,,,,,,,,,,,,,,,,,,,,,
11,F2,-81.4696,400,100,3000,2999,1200000,0.312256,0.812202,2.46358,3.58994,,,,,,,,,,,,
11,F2,-93.545,400,100,3000,1371,1200000,0.311972,0.610489,2.4365,3.36098,,,,,,,,,,,,
11,F2,-75.2498,400,100,3000,1284,1200000,0.311948,0.56086,2.44509,3.31981,,,,,,,,,,,,
11,F2,-103.578,400,100,3000,2999,1200000,0.311824,0.88071,2.47425,3.66862,,,,,,,,,,,,
11,F2,-97.5216,400,100,3000,1340,1200000,0.310995,0.570796,2.43011,3.31377,,,,,,,,,,,,
,,,,,,,,,,,,,,,,,,,,,,,
11,F2,-74.7486,450,100,3000,2064,1350000,0.346685,0.678547,2.74803,3.77528,,,,,,,,,,,,
11,F2,-67.6615,450,100,3000,1596,1350000,0.347004,0.639271,2.73539,3.7236,,,,,,,,,,,,
11,F2,-78.6585,450,100,3000,1700,1350000,0.348257,0.651566,2.74962,3.75144,,,,,,,,,,,,
11,F2,-63.8788,450,100,3000,1615,1350000,0.349311,0.667848,2.74876,3.7679,,,,,,,,,,,,
11,F2,-90.929,450,100,3000,2999,1350000,0.346876,0.986986,2.76741,4.10325,,,,,,,,,,,,
,,,,,,,,,,,,,,,,,,,,,,,
11,F2,-74.7498,500,100,3000,1287,1500000,0.385518,0.678294,3.03116,4.09716,,,,,,,,,,,,
11,F2,-99.4999,500,100,3000,2999,1500000,0.384641,1.19215,3.04534,4.62422,,,,,,,,,,,,
11,F2,-87.5693,500,100,3000,2999,1500000,0.385756,0.874242,3.04331,4.30548,,,,,,,,,,,,
11,F2,-78.6345,500,100,3000,2153,1500000,0.387166,0.699513,3.03962,4.12851,,,,,,,,,,,,
11,F2,-99.644,500,100,3000,2999,1500000,0.385682,0.753206,3.04462,4.18574,,,,,,,,,,,,
,,,,,,,,,,,,,,,,,,,,,,,
12,F2,-181.15,50,100,3000,1193,150000,2.57442,5.16566,2.92507,10.6719,,,,,,,,,,,,
12,F2,-193.708,50,100,3000,1287,150000,0.0479987,0.0969159,0.300929,0.446735,,,,,,,,,,,,
12,F2,-122.98,50,100,3000,1423,150000,0.0496057,0.1015,0.30843,0.460499,,,,,,,,,,,,
12,F2,-202.095,50,100,3000,1341,150000,0.04816,0.101044,0.303967,0.454174,,,,,,,,,,,,
12,F2,-159.187,50,100,3000,2999,150000,0.0477278,0.149734,0.306472,0.504875,,,,,,,,,,,,
,,,,,,,,,,,,,,,,,,,,,,,
12,F2,-117.371,100,100,3000,1402,300000,0.081717,0.159701,0.583798,0.826215,,,,,,,,,,,,
12,F2,-157.393,100,100,3000,1746,300000,0.0822322,0.18426,0.58657,0.854077,,,,,,,,,,,,
12,F2,-130.47,100,100,3000,1404,300000,0.08212,0.16144,0.583516,0.828119,,,,,,,,,,,,
12,F2,-124.853,100,100,3000,2999,300000,0.0822724,0.252567,0.587278,0.923166,,,,,,,,,,,,
12,F2,-154.802,100,100,3000,1402,300000,0.0814632,0.163527,0.581069,0.827101,,,,,,,,,,,,
,,,,,,,,,,,,,,,,,,,,,,,
12,F2,-116.529,150,100,3000,1787,450000,0.115498,0.242648,0.86359,1.22291,,,,,,,,,,,,
12,F2,-126.753,150,100,3000,2999,450000,0.114773,0.332013,0.876588,1.32458,,,,,,,,,,,,
12,F2,-126.081,150,100,3000,1590,450000,0.114846,0.221819,0.855759,1.19364,,,,,,,,,,,,
12,F2,-124.426,150,100,3000,1562,450000,0.114689,0.21124,0.857628,1.1847,,,,,,,,,,,,
12,F2,-93.0174,150,100,3000,2999,450000,0.114693,0.286291,0.865638,1.26778,,,,,,,,,,,,
,,,,,,,,,,,,,,,,,,,,,,,
12,F2,-118.769,200,100,3000,2309,600000,0.149632,0.284857,1.14026,1.57599,,,,,,,,,,,,
12,F2,-125.267,200,100,3000,1888,600000,0.14895,0.278325,1.13942,1.56795,,,,,,,,,,,,
12,F2,-120.203,200,100,3000,2983,600000,0.149176,0.453135,1.15815,1.76173,,,,,,,,,,,,
12,F2,-112.647,200,100,3000,1278,600000,0.150186,0.283728,1.13598,1.57121,,,,,,,,,,,,
12,F2,-106.397,200,100,3000,1457,600000,0.150253,0.279364,1.13999,1.57094,,,,,,,,,,,,
,,,,,,,,,,,,,,,,,,,,,,,
12,F2,-109.64,250,100,3000,1244,750000,0.18415,0.336372,1.41063,1.93263,,,,,,,,,,,,
12,F2,-123.031,250,100,3000,2999,750000,0.183405,0.541924,1.43868,2.16544,,,,,,,,,,,,
12,F2,-92.8509,250,100,3000,1589,750000,0.183415,0.353638,1.41176,1.95025,,,,,,,,,,,,
12,F2,-113.974,250,100,3000,1347,750000,0.184147,0.35663,1.41773,1.95996,,,,,,,,,,,,
12,F2,-111.057,250,100,3000,1383,750000,0.183962,0.32932,1.41666,1.93138,,,,,,,,,,,,
,,,,,,,,,,,,,,,,,,,,,,,
12,F2,-91.3704,300,100,3000,2999,900000,0.218105,0.637982,1.7198,2.57734,,,,,,,,,,,,
12,F2,-84.908,300,100,3000,1515,900000,0.21743,0.395462,1.68824,2.3026,,,,,,,,,,,,
12,F2,-83.3428,300,100,3000,1438,900000,0.217416,0.422857,1.68805,2.32973,,,,,,,,,,,,
12,F2,-95.5496,300,100,3000,1418,900000,0.217525,0.414709,1.68701,2.32069,,,,,,,,,,,,
12,F2,-99.5834,300,100,3000,1595,900000,0.218607,0.435492,1.69796,2.35355,,,,,,,,,,,,
,,,,,,,,,,,,,,,,,,,,,,,
12,F2,-96.2334,350,100,3000,1319,1050000,0.252512,0.456317,1.96352,2.67399,,,,,,,,,,,,
12,F2,-78.694,350,100,3000,2999,1050000,0.253412,0.657018,1.99151,2.9036,,,,,,,,,,,,
12,F2,-73.776,350,100,3000,1331,1050000,0.251306,0.46906,1.95268,2.67473,,,,,,,,,,,,
12,F2,-110.504,350,100,3000,1509,1050000,0.251469,0.494983,1.96015,2.70827,,,,,,,,,,,,
12,F2,-82.6538,350,100,3000,1778,1050000,0.252051,0.505316,1.97708,2.73609,,,,,,,,,,,,
,,,,,,,,,,,,,,,,,,,,,,,
12,F2,-93.3606,400,100,3000,1671,1200000,0.285748,0.59597,2.24039,3.12397,,,,,,,,,,,,
12,F2,-91.6381,400,100,3000,2999,1200000,0.285198,0.81114,2.26226,3.36051,,,,,,,,,,,,
12,F2,-68.6691,400,100,3000,2850,1200000,0.286339,0.539275,2.24841,3.07589,,,,,,,,,,,,
12,F2,-69.704,400,100,3000,1394,1200000,0.286638,0.514646,2.23938,3.04253,,,,,,,,,,,,
12,F2,-92.6382,400,100,3000,1405,1200000,0.285963,0.514539,2.23304,3.03538,,,,,,,,,,,,
,,,,,,,,,,,,,,,,,,,,,,,
12,F2,-83.8861,450,100,3000,1236,1350000,0.320272,0.57103,2.50825,3.40155,,,,,,,,,,,,
12,F2,-106.53,450,100,3000,1541,1350000,0.320152,0.570784,2.51914,3.41208,,,,,,,,,,,,
12,F2,-83.5969,450,100,3000,2999,1350000,0.319702,0.821055,2.52896,3.67163,,,,,,,,,,,,
12,F2,-88.5529,450,100,3000,1539,1350000,0.319763,0.590808,2.50519,3.41773,,,,,,,,,,,,
12,F2,-87.5634,450,100,3000,2174,1350000,0.320826,0.574961,2.50757,3.4054,,,,,,,,,,,,
,,,,,,,,,,,,,,,,,,,,,,,
12,F2,-89.7269,500,100,3000,2999,1500000,0.354937,1.05536,2.8051,4.21744,,,,,,,,,,,,
12,F2,-85.5696,500,100,3000,2050,1500000,0.354831,0.739918,2.78958,3.88642,,,,,,,,,,,,
12,F2,-89.4565,500,100,3000,2999,1500000,0.355249,1.04743,2.7962,4.20089,,,,,,,,,,,,
12,F2,-82.9539,500,100,3000,1549,1500000,0.356178,0.64205,2.79903,3.79934,,,,,,,,,,,,
12,F2,-75.4788,500,100,3000,2999,1500000,0.35496,1.07566,2.81096,4.24363,,,,,,,,,,,,
